{"stats":{"minecraft:crafted":{"minecraft:cooked_porkchop":8,"minecraft:crafting_table":1,"minecraft:spruce_planks":24,"minecraft:wooden_pickaxe":1,"minecraft:cooked_chicken":1,"minecraft:furnace":1,"minecraft:birch_planks":52,"minecraft:stone_axe":1,"minecraft:air":0,"minecraft:stick":8,"minecraft:iron_ingot":3,"minecraft:stone_pickaxe":2},"minecraft:used":{"minecraft:stone_pickaxe":110,"minecraft:spruce_planks":1,"minecraft:wooden_pickaxe":10,"minecraft:cooked_chicken":1,"minecraft:dirt":2,"minecraft:crafting_table":3,"minecraft:stone_axe":43,"minecraft:cobblestone":58,"minecraft:furnace":2,"minecraft:cooked_porkchop":8,"minecraft:egg":1},"minecraft:killed":{"minecraft:pig":4,"minecraft:chicken":2},"minecraft:killed_by":{"minecraft:skeleton":2,"minecraft:drowned":2},"minecraft:mined":{"minecraft:spruce_planks":1,"minecraft:crafting_table":3,"minecraft:granite":9,"minecraft:short_grass":10,"minecraft:grass_block":3,"minecraft:chest":1,"minecraft:cobblestone":2,"minecraft:tall_grass":2,"minecraft:spruce_leaves":1,"minecraft:diorite":6,"minecraft:furnace":2,"minecraft:birch_log":12,"minecraft:iron_ore":4,"minecraft:birch_leaves":1,"minecraft:spruce_log":6,"minecraft:andesite":7,"minecraft:pumpkin":2,"minecraft:oak_log":8,"minecraft:dirt":8,"minecraft:stone":76,"minecraft:oak_leaves":1,"minecraft:deepslate":9,"minecraft:fern":1},"minecraft:picked_up":{"minecraft:birch_log":26,"minecraft:crafting_table":4,"minecraft:feather":2,"minecraft:chicken":2,"minecraft:andesite":14,"minecraft:wooden_pickaxe":1,"minecraft:oak_log":8,"minecraft:dirt":13,"minecraft:kelp":10,"minecraft:cobbled_deepslate":6,"minecraft:spruce_planks":1,"minecraft:stone_pickaxe":1,"minecraft:chest":1,"minecraft:egg":1,"minecraft:furnace":4,"minecraft:raw_iron":8,"minecraft:cooked_porkchop":5,"minecraft:pumpkin":2,"minecraft:porkchop":8,"minecraft:sand":1,"minecraft:spruce_sapling":1,"minecraft:diorite":6,"minecraft:spruce_log":6,"minecraft:stone_axe":1,"minecraft:granite":9,"minecraft:cobblestone":75},"minecraft:custom":{"minecraft:interact_with_furnace":7,"minecraft:mob_kills":6,"minecraft:interact_with_crafting_table":5,"minecraft:leave_game":1,"minecraft:time_since_death":19643,"minecraft:sleep_in_bed":2,"minecraft:time_since_rest":19679,"minecraft:sprint_one_cm":147030,"minecraft:damage_taken":1841,"minecraft:walk_one_cm":38410,"minecraft:damage_dealt":480,"minecraft:swim_one_cm":23410,"minecraft:fly_one_cm":224182,"minecraft:open_chest":2,"minecraft:crouch_one_cm":1283,"minecraft:play_time":64287,"minecraft:deaths":5,"minecraft:sneak_time":1184,"minecraft:walk_under_water_one_cm":3635,"minecraft:boat_one_cm":85927,"minecraft:jump":1086,"minecraft:walk_on_water_one_cm":7675,"minecraft:total_world_time":64287,"minecraft:fall_one_cm":28002}},"DataVersion":3839}