{"stats":{"minecraft:used":{"minecraft:piston":2,"minecraft:rooted_dirt":24,"minecraft:polished_andesite":61,"minecraft:barrier":1,"stalwart_dungeons:netherite_hammer":9,"minecraft:stone":1,"minecraft:redstone_block":3,"dedsafio_3:fogata_spawn_egg":2},"minecraft:killed":{"dedsafio_3:rana_gigante":2,"dedsafio_3:fogata":2,"dedsafio_3:creeper_cake":1},"minecraft:custom":{"minecraft:time_since_rest":16927,"minecraft:crouch_one_cm":1311,"minecraft:deaths":1,"minecraft:sprint_one_cm":14780,"minecraft:play_time":17226,"minecraft:open_enderchest":1,"minecraft:damage_taken":390,"minecraft:walk_one_cm":21364,"minecraft:sneak_time":605,"minecraft:bell_ring":1,"minecraft:mob_kills":5,"minecraft:jump":194,"minecraft:damage_dealt":1120,"minecraft:leave_game":2,"minecraft:walk_on_water_one_cm":491,"minecraft:time_since_death":16888,"minecraft:total_world_time":17226,"minecraft:fly_one_cm":181951}},"DataVersion":3465}