{"stats":{"minecraft:used":{"cataclysm:cursed_tombstone":1,"minecraft:piston":2,"cataclysm:ignited_revenant_spawn_egg":2,"obscure_api:vial_of_knowledge":1,"immersive_paintings:painting":1,"minecraft:grass_block":27,"minecraft:bread":1,"minecraft:rooted_dirt":25,"minecraft:polished_andesite":61,"minecraft:barrier":1,"minecraft:suspicious_stew":1,"stalwart_dungeons:netherite_hammer":9,"minecraft:stone":1,"minecraft:redstone_block":3,"immersive_paintings:glow_graffiti":1,"dedsafio_3:armadura_infernal_chestplate":1,"cataclysm:ancient_spear":19,"immersive_paintings:glow_painting":1,"dedsafio_3:r_evill_boss_spawn_egg":1,"dedsafio_3:fogata_spawn_egg":3,"cataclysm:door_of_seal":2,"minecraft:splash_potion":15},"minecraft:dropped":{"stalwart_dungeons:awful_gun":1},"minecraft:killed":{"dedsafio_3:rana_gigante":5,"cataclysm:ignited_revenant":1,"dedsafio_3:fogata":3,"dedsafio_3:wild_fire":1,"dedsafio_3:fantasma_rojo":2,"dedsafio_3:medusa":1,"minecraft:wandering_trader":1,"dedsafio_3:creeper_cake":4},"minecraft:picked_up":{"dedsafio_3:armadura_infernal_boots":1,"stalwart_dungeons:shulker_cannon_item":1,"cataclysm:cursium_chestplate":1,"dedsafio_3:armadura_infernal_chestplate":1,"cataclysm:burning_ashes":2,"cataclysm:meat_shredder":1,"dedsafio_3:armadura_infernal_helmet":1,"dedsafio_3:r_evill_boss_spawn_egg":1,"dedsafio_3:armadura_infernal_leggings":1,"minecraft:rooted_dirt":1},"minecraft:custom":{"minecraft:time_since_rest":10454,"minecraft:damage_absorbed":160,"minecraft:sprint_one_cm":46472,"minecraft:open_enderchest":1,"minecraft:damage_taken":816,"minecraft:walk_one_cm":67124,"minecraft:mob_kills":18,"minecraft:drop":1,"minecraft:damage_dealt":2335,"minecraft:talked_to_villager":3,"minecraft:fly_one_cm":313879,"minecraft:crouch_one_cm":5290,"minecraft:play_time":47226,"minecraft:deaths":2,"minecraft:bell_ring":1,"minecraft:sneak_time":1494,"minecraft:jump":497,"minecraft:leave_game":2,"minecraft:time_since_death":10415,"minecraft:walk_on_water_one_cm":1263,"minecraft:damage_resisted":144,"minecraft:total_world_time":47226,"minecraft:fall_one_cm":1554}},"DataVersion":3465}