{"stats":{"minecraft:crafted":{"minecraft:oak_planks":12,"minecraft:crafting_table":3,"minecraft:spruce_planks":24,"minecraft:birch_boat":1,"minecraft:wooden_pickaxe":1,"minecraft:spruce_door":3,"minecraft:bowl":8,"minecraft:mushroom_stew":8,"minecraft:bucket":1,"minecraft:birch_planks":96,"minecraft:stone_axe":2,"minecraft:stick":16,"minecraft:stone_pickaxe":1,"minecraft:wooden_axe":2,"minecraft:stone_sword":1,"minecraft:white_bed":1},"minecraft:dropped":{"minecraft:furnace":1,"minecraft:stone_axe":1,"minecraft:wheat_seeds":5,"minecraft:raw_iron":4,"minecraft:filled_map":1,"minecraft:dirt":1,"minecraft:spruce_planks":1,"minecraft:wooden_pickaxe":1,"minecraft:stone_pickaxe":2},"minecraft:used":{"minecraft:water_bucket":10,"minecraft:stone_sword":30,"minecraft:spruce_door":2,"minecraft:flint_and_steel":5,"minecraft:stone_pickaxe":151,"minecraft:spruce_planks":3,"minecraft:birch_boat":2,"minecraft:wooden_pickaxe":3,"minecraft:sugar_cane":4,"minecraft:netherrack":20,"minecraft:dirt":3,"minecraft:crafting_table":6,"minecraft:mushroom_stew":7,"minecraft:light_gray_terracotta":4,"minecraft:white_bed":1,"minecraft:granite":9,"minecraft:wooden_axe":97,"minecraft:lava_bucket":12,"minecraft:stone_axe":35,"minecraft:cobblestone":35,"minecraft:sweet_berries":10,"minecraft:bucket":22,"minecraft:egg":2},"minecraft:killed":{"minecraft:pig":8,"minecraft:sheep":7,"minecraft:zombie":4,"minecraft:drowned":1,"minecraft:cow":7},"minecraft:killed_by":{"minecraft:skeleton":1,"minecraft:zombie":4},"minecraft:mined":{"minecraft:brown_mushroom":4,"minecraft:spruce_door":2,"minecraft:crafting_table":5,"minecraft:light_gray_terracotta":4,"minecraft:short_grass":27,"minecraft:grass_block":5,"minecraft:cobblestone":8,"minecraft:brown_mushroom_block":30,"minecraft:tall_grass":6,"minecraft:spruce_leaves":16,"minecraft:sugar_cane":2,"minecraft:sandstone":4,"minecraft:white_terracotta":2,"minecraft:magma_block":1,"minecraft:birch_log":25,"minecraft:iron_ore":2,"minecraft:fire":7,"minecraft:sweet_berry_bush":22,"minecraft:spruce_log":13,"minecraft:birch_leaves":3,"minecraft:pumpkin":11,"minecraft:oak_log":3,"minecraft:coal_ore":5,"minecraft:sand":12,"minecraft:dirt":7,"minecraft:red_mushroom_block":34,"minecraft:stone":75,"minecraft:netherrack":41,"minecraft:oak_leaves":1,"minecraft:fern":1},"minecraft:picked_up":{"minecraft:wooden_axe":1,"minecraft:birch_log":40,"minecraft:magma_block":1,"minecraft:crafting_table":7,"minecraft:chicken":5,"minecraft:leather":31,"minecraft:brown_mushroom":27,"minecraft:wooden_pickaxe":1,"minecraft:red_mushroom":24,"minecraft:birch_planks":260,"minecraft:filled_map":4,"minecraft:mushroom_stew":13,"minecraft:oak_log":3,"minecraft:golden_boots":4,"minecraft:dirt":42,"minecraft:flint_and_steel":4,"minecraft:wheat_seeds":5,"minecraft:spruce_planks":30,"minecraft:stone_pickaxe":6,"minecraft:beef":54,"minecraft:light_gray_wool":5,"minecraft:sugar_cane":23,"minecraft:furnace":1,"minecraft:egg":13,"minecraft:sandstone":2,"minecraft:stick":3,"minecraft:raw_iron":6,"minecraft:birch_boat":1,"minecraft:pumpkin":21,"minecraft:sweet_berries":46,"minecraft:bowl":19,"minecraft:porkchop":17,"minecraft:fire_charge":4,"minecraft:sand":11,"minecraft:spruce_sapling":1,"minecraft:spruce_log":13,"minecraft:spruce_door":1,"minecraft:light_gray_terracotta":4,"minecraft:stone_sword":1,"minecraft:rotten_flesh":13,"minecraft:stone_axe":3,"minecraft:granite":27,"minecraft:white_terracotta":2,"minecraft:netherrack":38,"minecraft:obsidian":4,"minecraft:mutton":43,"minecraft:coal":41,"minecraft:white_wool":10,"minecraft:cobblestone":83},"minecraft:broken":{"minecraft:stone_pickaxe":1,"minecraft:wooden_axe":2},"minecraft:custom":{"minecraft:mob_kills":27,"minecraft:interact_with_crafting_table":14,"minecraft:leave_game":1,"minecraft:time_since_death":21378,"minecraft:sleep_in_bed":1,"minecraft:time_since_rest":21405,"minecraft:sprint_one_cm":140017,"minecraft:damage_taken":1661,"minecraft:walk_one_cm":71674,"minecraft:drop":12,"minecraft:damage_dealt":3624,"minecraft:swim_one_cm":86991,"minecraft:fly_one_cm":306481,"minecraft:open_chest":5,"minecraft:crouch_one_cm":2403,"minecraft:play_time":56795,"minecraft:deaths":5,"minecraft:sneak_time":1826,"minecraft:walk_under_water_one_cm":7650,"minecraft:boat_one_cm":104276,"minecraft:jump":1429,"minecraft:walk_on_water_one_cm":18332,"minecraft:total_world_time":56795,"minecraft:fall_one_cm":36259}},"DataVersion":3839}