{"stats":{"minecraft:used":{"cataclysm:cursed_tombstone":1,"minecraft:piston":2,"immersive_paintings:painting":1,"minecraft:grass_block":6,"minecraft:rooted_dirt":24,"minecraft:polished_andesite":61,"minecraft:barrier":1,"immersive_paintings:glow_painting":1,"stalwart_dungeons:netherite_hammer":9,"minecraft:stone":1,"minecraft:redstone_block":3,"dedsafio_3:fogata_spawn_egg":2,"cataclysm:door_of_seal":2,"immersive_paintings:glow_graffiti":1},"minecraft:dropped":{"stalwart_dungeons:awful_gun":1},"minecraft:killed":{"dedsafio_3:rana_gigante":2,"minecraft:wandering_trader":1,"dedsafio_3:fogata":2,"dedsafio_3:creeper_cake":1},"minecraft:custom":{"minecraft:time_since_rest":28927,"minecraft:crouch_one_cm":1673,"minecraft:deaths":1,"minecraft:sprint_one_cm":18871,"minecraft:play_time":29226,"minecraft:open_enderchest":1,"minecraft:damage_taken":390,"minecraft:walk_one_cm":34669,"minecraft:sneak_time":697,"minecraft:bell_ring":1,"minecraft:mob_kills":6,"minecraft:drop":1,"minecraft:jump":228,"minecraft:damage_dealt":1205,"minecraft:leave_game":2,"minecraft:walk_on_water_one_cm":964,"minecraft:time_since_death":28888,"minecraft:total_world_time":29226,"minecraft:talked_to_villager":3,"minecraft:fly_one_cm":206809}},"DataVersion":3465}