{"stats":{"minecraft:dropped":{"dedsafio_3:taxi":1},"minecraft:used":{"minecraft:bedrock":2,"dedsafio_3:taxi":4,"minecraft:sand":1,"immersive_paintings:painting":1},"minecraft:picked_up":{"dedsafio_3:taxi":3,"stalwart_dungeons:awful_gun":1},"minecraft:custom":{"minecraft:jump":78,"minecraft:open_chest":1,"minecraft:time_since_rest":52427,"minecraft:crouch_one_cm":729,"minecraft:damage_taken":20,"minecraft:leave_game":2,"minecraft:play_time":52427,"minecraft:sprint_one_cm":7585,"minecraft:time_since_death":52427,"minecraft:walk_on_water_one_cm":215,"minecraft:walk_one_cm":9712,"minecraft:sneak_time":339,"minecraft:total_world_time":52427,"minecraft:drop":1,"minecraft:fall_one_cm":404,"minecraft:fly_one_cm":194353}},"DataVersion":3465}