{"stats":{"minecraft:used":{"minecraft:bedrock":2,"immersive_paintings:painting":1},"minecraft:picked_up":{"stalwart_dungeons:awful_gun":1},"minecraft:custom":{"minecraft:jump":68,"minecraft:time_since_rest":22151,"minecraft:damage_taken":20,"minecraft:leave_game":1,"minecraft:play_time":22151,"minecraft:sprint_one_cm":4476,"minecraft:time_since_death":22151,"minecraft:walk_on_water_one_cm":215,"minecraft:walk_one_cm":5271,"minecraft:sneak_time":32,"minecraft:total_world_time":22151,"minecraft:fall_one_cm":404,"minecraft:fly_one_cm":38870}},"DataVersion":3465}