{"stats":{"minecraft:picked_up":{"minecraft:chicken":64,"minecraft:lead":2,"minecraft:cooked_rabbit":64,"minecraft:light":1,"minecraft:item_frame":1,"minecraft:blackstone":2,"minecraft:spruce_planks":1,"minecraft:red_dye":1,"minecraft:rose_bush":3,"minecraft:smooth_quartz":1,"minecraft:poppy":6,"minecraft:spruce_slab":1,"minecraft:dark_oak_door":2,"minecraft:stripped_mangrove_wood":2,"minecraft:polished_blackstone_stairs":1,"minecraft:glow_item_frame":2,"minecraft:spruce_stairs":2,"minecraft:cake":2,"minecraft:mangrove_trapdoor":1,"minecraft:stone_pressure_plate":6,"minecraft:dark_oak_planks":1,"minecraft:arrow":2,"minecraft:mangrove_stairs":1,"minecraft:rotten_flesh":10,"minecraft:red_tulip":3,"minecraft:stripped_dark_oak_wood":1,"minecraft:mangrove_door":1,"minecraft:cod":64,"minecraft:barrier":1,"minecraft:purple_dye":1,"minecraft:cooked_beef":896,"minecraft:glow_ink_sac":3,"minecraft:leather":2,"minecraft:filled_map":2,"minecraft:gunpowder":1,"minecraft:mangrove_slab":1,"minecraft:lantern":2,"minecraft:bone":6,"minecraft:gray_carpet":175,"minecraft:wheat_seeds":2,"minecraft:cooked_chicken":128,"minecraft:mangrove_planks":1,"minecraft:oak_planks":1,"minecraft:dandelion":2,"minecraft:painting":6,"minecraft:white_concrete":1,"minecraft:rooted_dirt":1,"minecraft:red_concrete":1},"minecraft:dropped":{"minecraft:moss_block":1,"minecraft:stripped_mangrove_wood":2,"minecraft:cooked_beef":896,"minecraft:glow_ink_sac":3,"minecraft:mangrove_trapdoor":1,"minecraft:barrier":1,"minecraft:lantern":2,"minecraft:rooted_dirt":1,"minecraft:mangrove_planks":2,"minecraft:purple_dye":1,"minecraft:spruce_stairs":2,"minecraft:grass_block":1,"minecraft:cod":64,"minecraft:polished_blackstone_stairs":1,"minecraft:white_concrete":1,"minecraft:smooth_quartz":1,"minecraft:mangrove_stairs":1,"minecraft:iron_door":1,"minecraft:stripped_dark_oak_wood":1,"minecraft:red_dye":1,"minecraft:dark_oak_planks":3,"minecraft:mangrove_slab":1,"minecraft:bone":2,"minecraft:red_concrete":1,"minecraft:blackstone":1,"minecraft:cooked_chicken":128,"minecraft:netherite_sword":1,"minecraft:chicken":64,"minecraft:rotten_flesh":1,"minecraft:oak_planks":1,"minecraft:mangrove_door":1,"minecraft:light":1,"minecraft:spruce_planks":1,"minecraft:cake":2,"minecraft:painting":6,"minecraft:spruce_slab":1,"minecraft:cooked_rabbit":64},"minecraft:killed":{"minecraft:skeleton":4,"minecraft:skeleton_horse":3,"minecraft:ocelot":1,"minecraft:wandering_trader":1,"minecraft:creeper":1,"minecraft:trader_llama":2,"minecraft:zombie":11},"minecraft:custom":{"minecraft:mob_kills":23,"minecraft:interact_with_crafting_table":1,"minecraft:open_barrel":3,"minecraft:fill_cauldron":2,"minecraft:leave_game":22,"minecraft:time_since_death":9585,"minecraft:climb_one_cm":143,"minecraft:sprint_one_cm":1386833,"minecraft:walk_one_cm":1232318,"minecraft:drop":65,"minecraft:play_time":1327604,"minecraft:deaths":6,"minecraft:sneak_time":25452,"minecraft:walk_under_water_one_cm":23046,"minecraft:jump":7894,"minecraft:walk_on_water_one_cm":23469,"minecraft:total_world_time":2351247,"minecraft:interact_with_loom":1,"minecraft:time_since_rest":9624,"minecraft:open_enderchest":3,"minecraft:damage_taken":900,"minecraft:damage_dealt":3974,"minecraft:swim_one_cm":4238,"minecraft:fly_one_cm":10802333,"minecraft:open_chest":1,"minecraft:crouch_one_cm":25475,"minecraft:fall_one_cm":12016},"minecraft:used":{"minecraft:moss_block":14,"minecraft:oak_trapdoor":1,"minecraft:orange_dye":2,"minecraft:netherite_sword":39,"minecraft:rose_bush":32,"minecraft:iron_bars":20,"minecraft:light_gray_dye":1,"minecraft:flint_and_steel":13,"minecraft:melon":17,"minecraft:polished_blackstone":20,"minecraft:smooth_quartz_slab":188,"minecraft:red_concrete":191,"minecraft:spruce_slab":105,"minecraft:ladder":44,"minecraft:oak_sign":38,"minecraft:light_blue_terracotta":3,"minecraft:black_carpet":2,"minecraft:stripped_warped_stem":22,"minecraft:decorated_pot":1,"minecraft:spruce_planks":244,"minecraft:ender_chest":2,"minecraft:tinted_glass":314,"minecraft:stone":7,"minecraft:stripped_jungle_wood":101,"minecraft:red_nether_brick_stairs":66,"minecraft:stripped_birch_wood":7,"minecraft:bell":2,"minecraft:dirt":8,"minecraft:red_nether_brick_slab":207,"minecraft:light_blue_dye":1,"minecraft:brick_slab":1,"minecraft:jungle_planks":40,"minecraft:spruce_stairs":246,"minecraft:deepslate_tile_slab":34,"minecraft:crimson_hyphae":138,"minecraft:deepslate_brick_slab":5,"minecraft:oak_wood":53,"minecraft:beehive":5,"minecraft:spruce_fence":17,"minecraft:stripped_spruce_log":81,"minecraft:obsidian":64,"minecraft:fern":1,"minecraft:polished_deepslate_stairs":9,"minecraft:polished_blackstone_slab":47,"minecraft:dark_oak_planks":126,"minecraft:wooden_axe":8,"minecraft:packed_ice":64,"minecraft:cyan_terracotta":1,"minecraft:stripped_dark_oak_wood":32,"minecraft:bricks":44,"minecraft:bookshelf":58,"minecraft:red_tulip":2,"minecraft:quartz_pillar":68,"minecraft:mangrove_stairs":13,"minecraft:light_weighted_pressure_plate":4,"minecraft:quartz_slab":13,"minecraft:lantern":13,"minecraft:grass_block":92,"minecraft:oak_stairs":30,"minecraft:rooted_dirt":106,"minecraft:brick_stairs":13,"minecraft:smooth_sandstone":148,"minecraft:polished_andesite_stairs":77,"minecraft:quartz_block":257,"minecraft:mossy_cobblestone_slab":298,"minecraft:gray_concrete_powder":12,"minecraft:cherry_leaves":97,"minecraft:smooth_quartz":642,"minecraft:lime_dye":1,"minecraft:barrel":26,"minecraft:stone_brick_stairs":6,"minecraft:smooth_basalt":1,"minecraft:item_frame":2,"minecraft:stripped_mangrove_log":74,"minecraft:light_gray_wool":1,"minecraft:red_nether_brick_wall":124,"minecraft:red_carpet":80,"minecraft:tripwire_hook":2,"minecraft:warped_stairs":6,"minecraft:lime_concrete":22,"minecraft:brown_carpet":1,"minecraft:hay_block":7,"minecraft:scaffolding":1,"minecraft:iron_trapdoor":44,"minecraft:furnace":4,"minecraft:deepslate_tile_stairs":53,"minecraft:mangrove_slab":13,"minecraft:stone_pressure_plate":29,"minecraft:red_dye":17,"minecraft:cobbled_deepslate":138,"minecraft:polished_blackstone_stairs":202,"minecraft:pumpkin":11,"minecraft:large_fern":13,"minecraft:stripped_spruce_wood":226,"minecraft:water_bucket":185,"minecraft:quartz_bricks":531,"minecraft:dark_oak_stairs":51,"minecraft:chiseled_bookshelf":5,"minecraft:mossy_stone_bricks":4,"minecraft:end_rod":9,"minecraft:polished_andesite":678,"minecraft:oak_planks":33,"minecraft:mangrove_planks":239,"minecraft:red_nether_bricks":218,"minecraft:blackstone":8,"minecraft:redstone_block":2,"minecraft:spruce_sign":1,"minecraft:cauldron":2,"minecraft:glow_ink_sac":38,"minecraft:deepslate_bricks":57,"minecraft:smooth_quartz_stairs":252,"minecraft:oak_leaves":213,"minecraft:stripped_mangrove_wood":331,"minecraft:glow_item_frame":2,"minecraft:dark_oak_trapdoor":4,"minecraft:polished_deepslate_slab":56,"minecraft:brown_dye":2,"minecraft:blue_dye":1,"minecraft:mangrove_trapdoor":3,"minecraft:yellow_terracotta":26,"minecraft:crafting_table":1,"minecraft:oak_slab":97,"minecraft:loom":1,"minecraft:green_dye":2,"minecraft:birch_sign":2,"minecraft:cyan_dye":3,"minecraft:campfire":12,"minecraft:chiseled_quartz_block":70,"minecraft:ochre_froglight":32,"minecraft:gray_concrete":154,"minecraft:painting":7,"minecraft:spruce_log":36,"minecraft:warped_planks":5,"minecraft:deepslate_brick_stairs":46,"minecraft:dark_oak_door":20,"minecraft:deepslate_tile_wall":19,"minecraft:deepslate_tiles":4,"minecraft:oak_log":131,"minecraft:flower_pot":1,"minecraft:netherite_block":32,"minecraft:lever":3,"minecraft:yellow_dye":1,"minecraft:light":164,"minecraft:black_concrete":819,"minecraft:black_wool":2,"minecraft:mangrove_door":5,"minecraft:birch_slab":10,"minecraft:command_block":37,"minecraft:zombie_head":2,"minecraft:heavy_weighted_pressure_plate":16,"minecraft:barrier":35,"minecraft:lectern":2,"minecraft:jungle_stairs":3,"minecraft:cyan_concrete":163,"minecraft:red_terracotta":2,"minecraft:spruce_trapdoor":113,"minecraft:magenta_concrete_powder":1,"minecraft:oak_pressure_plate":2,"minecraft:iron_door":2,"minecraft:deepslate":16,"minecraft:purple_dye":8,"minecraft:lilac":8,"minecraft:polished_andesite_slab":16,"minecraft:cobblestone":17,"minecraft:mud_brick_wall":11,"minecraft:red_banner":15,"minecraft:white_stained_glass":7,"minecraft:glass_pane":9,"minecraft:white_concrete":282,"minecraft:coarse_dirt":114,"minecraft:oak_hanging_sign":5,"minecraft:bone_meal":1,"minecraft:candle":8,"minecraft:cobweb":1,"minecraft:birch_stairs":33,"minecraft:lime_candle":1}},"DataVersion":3465}