{"stats":{"minecraft:dropped":{"dedsafio_3:cetro_ancestral":3},"minecraft:killed":{"dedsafio_3:rana_gigante":1,"dedsafio_3:r_evill_boss":2,"dedsafio_3:tiki":1,"dedsafio_3:revil":1,"dedsafio_3:esquelo_dog":2,"dedsafio_3:creeper_cake":1},"minecraft:custom":{"minecraft:time_since_rest":9366,"minecraft:damage_taken":4530,"minecraft:open_enderchest":1,"minecraft:sprint_one_cm":19474,"minecraft:walk_one_cm":45390,"minecraft:damage_absorbed":880,"minecraft:mob_kills":9,"minecraft:drop":3,"minecraft:damage_dealt":22210,"minecraft:swim_one_cm":132,"minecraft:talked_to_villager":6,"minecraft:fly_one_cm":172849,"minecraft:crouch_one_cm":216,"minecraft:play_time":23000,"minecraft:deaths":3,"minecraft:sneak_time":140,"minecraft:walk_under_water_one_cm":5776,"minecraft:jump":454,"minecraft:time_since_death":9336,"minecraft:walk_on_water_one_cm":2262,"minecraft:total_world_time":23000,"minecraft:damage_resisted":2400,"minecraft:fall_one_cm":1713},"minecraft:picked_up":{"modminds:buho_totem":3,"minecraft:jungle_planks":2,"dedsafio_3:cetro_ancestral":5,"dedsafio_3:r_evill_boss_spawn_egg":64,"modminds:totemeon":2},"minecraft:killed_by":{"dedsafio_3:rana_gigante":1,"dedsafio_3:r_evill_boss":1},"minecraft:used":{"minecraft:black_concrete":1,"modminds:bloqueador":1,"minecraft:polished_andesite_stairs":35,"minecraft:blackstone_stairs":3,"minecraft:polished_andesite":12,"minecraft:barrier":38,"dedsafio_3:altar_objects":4,"dedsafio_3:tiki_spawn_egg":1,"minecraft:oak_pressure_plate":1,"dedsafio_3:revil_spawn_egg":2,"minecraft:polished_andesite_slab":5,"dedsafio_3:fantasma_rojo_spawn_egg":3,"minecraft:jungle_planks":8,"dedsafio_3:r_evill_boss_spawn_egg":1,"dedsafio_3:infernal_sword":193,"minecraft:white_concrete":2}},"DataVersion":3465}