{"stats":{"minecraft:killed_by":{"dedsafio_3:rana_gigante":1},"minecraft:used":{"dedsafio_3:bone_spider_spawn_egg":1,"minecraft:command_block":10,"dedsafio_3:rana_gigante_spawn_egg":1,"minecraft:barrier":1,"dedsafio_3:tiki_guardian_spawn_egg":1,"stalwart_dungeons:netherite_hammer":44,"dedsafio_3:tiki_spawn_egg":1,"dedsafio_3:armadura_infernal_boots":1,"dedsafio_3:medusa_spawn_egg":1,"dedsafio_3:fantasma_rojo_spawn_egg":13,"dedsafio_3:armadura_infernal_leggings":1,"dedsafio_3:creeper_warden_spawn_egg":2,"dedsafio_3:armadura_infernal_chestplate":1,"dedsafio_3:sapo_spawn_egg":1,"dedsafio_3:armadura_infernal_helmet":1,"dedsafio_3:creeper_cake_spawn_egg":3,"dedsafio_3:wild_fire_spawn_egg":1,"dedsafio_3:blaze_storm_spawn_egg":1,"dedsafio_3:infernal_bull_spawn_egg":1,"dedsafio_3:fogata_spawn_egg":1},"minecraft:killed":{"dedsafio_3:tiki_guardian":1,"dedsafio_3:rana_gigante":1,"dedsafio_3:blaze_storm":1,"cataclysm:ignited_revenant":1,"dedsafio_3:r_evill_boss":1,"dedsafio_3:bone_spider":1,"dedsafio_3:tiki":1,"dedsafio_3:sapo":1,"dedsafio_3:fogata":1,"dedsafio_3:fantasma_rojo":11,"dedsafio_3:infernal_bull":1,"dedsafio_3:creeper_cake":3,"dedsafio_3:creeper_warden":2},"minecraft:picked_up":{"dedsafio_3:cetro_ancestral":1,"cataclysm:burning_ashes":1,"minecraft:slime_ball":1,"dedsafio_3:manzana":1},"minecraft:custom":{"minecraft:time_since_rest":37381,"minecraft:sprint_one_cm":15176,"minecraft:damage_taken":1228,"minecraft:walk_one_cm":28710,"minecraft:mob_kills":26,"minecraft:damage_dealt":4813,"minecraft:fly_one_cm":142420,"minecraft:crouch_one_cm":769,"minecraft:play_time":66346,"minecraft:deaths":3,"minecraft:sneak_time":1017,"minecraft:jump":137,"minecraft:leave_game":1,"minecraft:walk_on_water_one_cm":988,"minecraft:time_since_death":37353,"minecraft:total_world_time":66346,"minecraft:fall_one_cm":1206}},"DataVersion":3465}