{"stats":{"minecraft:used":{"minecraft:barrier":1,"minecraft:command_block":10},"minecraft:custom":{"minecraft:jump":71,"minecraft:time_since_rest":27148,"minecraft:walk_on_water_one_cm":733,"minecraft:crouch_one_cm":759,"minecraft:deaths":2,"minecraft:sprint_one_cm":8294,"minecraft:play_time":28173,"minecraft:damage_taken":700,"minecraft:time_since_death":27115,"minecraft:walk_one_cm":7110,"minecraft:sneak_time":851,"minecraft:total_world_time":28173,"minecraft:fall_one_cm":1206,"minecraft:fly_one_cm":106327}},"DataVersion":3465}