{"stats":{"minecraft:used":{"minecraft:barrier":1},"minecraft:custom":{"minecraft:jump":30,"minecraft:time_since_rest":15148,"minecraft:walk_on_water_one_cm":733,"minecraft:crouch_one_cm":471,"minecraft:deaths":2,"minecraft:sprint_one_cm":5517,"minecraft:play_time":16173,"minecraft:damage_taken":700,"minecraft:time_since_death":15115,"minecraft:walk_one_cm":4095,"minecraft:sneak_time":511,"minecraft:total_world_time":16173,"minecraft:fall_one_cm":1206,"minecraft:fly_one_cm":101196}},"DataVersion":3465}