{
  "__COMMENT1": "To apply this configuration to all newly generated worlds",
  "__COMMENT2": "please place this configuration file into your config directory",
  "__COMMENT3": "with the following name: cpm-server-default.json",
  "player_scaling": {
    "543f71ef-3421-486f-a6b5-480af57bf183": {},
    "4feddb69-80b7-40f6-bd31-99e480d097e8": {
      "scale": 1.0,
      "eyeHeight": 1.0,
      "hitboxW": 1.0,
      "hitboxH": 1.0,
      "thirdPerson": 1.0,
      "viewBonning": 1.0,
      "motion": 1.0,
      "stepHeight": 1.0,
      "flight": 1.0,
      "fdmg": 1.0,
      "reach": 1.0,
      "msp": 1.0,
      "asp": 1.0,
      "akb": 1.0,
      "attack": 1.0,
      "defense": 1.0,
      "health": 1.0,
      "mob_vis": 1.0,
      "width": 1.0,
      "height": 1.0,
      "jump_height": 1.0,
      "proj_dmg": 1.0,
      "exp_dmg": 1.0,
      "kbr": 1.0
    },
    "5d5a60c3-9876-4003-9ca5-c0368e8751ba": {
      "scale": 1.0,
      "eyeHeight": 1.0,
      "hitboxW": 1.0,
      "hitboxH": 1.0,
      "thirdPerson": 1.0,
      "viewBonning": 1.0,
      "motion": 1.0,
      "stepHeight": 1.0,
      "flight": 1.0,
      "fdmg": 1.0,
      "reach": 1.0,
      "msp": 1.0,
      "asp": 1.0,
      "akb": 1.0,
      "attack": 1.0,
      "defense": 1.0,
      "health": 1.0,
      "mob_vis": 1.0,
      "width": 1.0,
      "height": 1.0,
      "jump_height": 1.0,
      "proj_dmg": 1.0,
      "exp_dmg": 1.0,
      "kbr": 1.0
    },
    "32c09c53-444e-3260-8bc2-eb25dc4f0a20": {
      "scale": 1.0,
      "eyeHeight": 1.0,
      "hitboxW": 1.0,
      "hitboxH": 1.0,
      "thirdPerson": 1.0,
      "viewBonning": 1.0,
      "motion": 1.0,
      "stepHeight": 1.0,
      "flight": 1.0,
      "fdmg": 1.0,
      "reach": 1.0,
      "msp": 1.0,
      "asp": 1.0,
      "akb": 1.0,
      "attack": 1.0,
      "defense": 1.0,
      "health": 1.0,
      "mob_vis": 1.0,
      "width": 1.0,
      "height": 1.0,
      "jump_height": 1.0,
      "proj_dmg": 1.0,
      "exp_dmg": 1.0,
      "kbr": 1.0
    },
    "f65d3bb7-82e8-36c2-84d4-287fd2c8dd51": {
      "flight": 1.0,
      "mob_vis": 1.0,
      "motion": 1.0,
      "reach": 1.0,
      "scale": 1.0,
      "health": 1.0,
      "jump_height": 1.0,
      "proj_dmg": 1.0,
      "msp": 1.0,
      "viewBonning": 1.0,
      "exp_dmg": 1.0,
      "hitboxH": 1.0,
      "defense": 1.0,
      "attack": 1.0,
      "fdmg": 1.0,
      "eyeHeight": 1.0,
      "width": 1.0,
      "akb": 1.0,
      "hitboxW": 1.0,
      "thirdPerson": 1.0,
      "kbr": 1.0,
      "stepHeight": 1.0,
      "asp": 1.0,
      "height": 1.0
    },
    "369908ac-8447-3bbc-90af-bd92a54c98f9": {
      "flight": 1.0,
      "mob_vis": 1.0,
      "motion": 1.0,
      "reach": 1.0,
      "scale": 1.0,
      "health": 1.0,
      "jump_height": 1.0,
      "proj_dmg": 1.0,
      "msp": 1.0,
      "viewBonning": 1.0,
      "exp_dmg": 1.0,
      "hitboxH": 1.0,
      "defense": 1.0,
      "attack": 1.0,
      "fdmg": 1.0,
      "eyeHeight": 1.0,
      "width": 1.0,
      "akb": 1.0,
      "hitboxW": 1.0,
      "thirdPerson": 1.0,
      "kbr": 1.0,
      "stepHeight": 1.0,
      "asp": 1.0,
      "height": 1.0
    }
  },
  "skins": {},
  "player_scaling_settings": {},
  "scaling_settings": {
    "projectile_dmg": {},
    "mining_speed": {},
    "motion": {},
    "third_person": {},
    "hitbox_width": {},
    "eye_height": {},
    "mob_visibility": {},
    "flight_speed": {},
    "knockback_resist": {},
    "reach": {},
    "health": {},
    "jump_height": {},
    "attack_speed": {},
    "explosion_dmg": {},
    "view_bobbing": {},
    "defense": {},
    "attack_knockback": {},
    "step_height": {},
    "width": {},
    "hitbox_height": {},
    "attack_dmg": {},
    "fall_damage": {},
    "entity": {},
    "height": {}
  }
}